text,label
AI will kill all human beings in next ten years,Fake
NASA announces new mission to Mars in 2027 with SpaceX rocket,Real
Scientists discover new species of frog in Amazon rainforest,Real
Bitcoin price crashes 20% after new government regulation,Real
Apple releases iPhone 16 with new AI features and better camera,Real
Local football team wins championship after 10 years,Real
Government passes new tax law for small businesses,Real
WHO declares new health guidelines for diabetes patients,Real
Microsoft launches new AI tool for developers worldwide,Real
Pakistan Stock Exchange closes at record high today,Real
UN holds climate summit in Dubai to discuss carbon emissions,Real
Tesla unveils new electric truck with 500 mile range,Real
FIFA announces World Cup 2026 host cities in USA Mexico Canada,Real
Google releases Android 15 with privacy updates,Real
Doctors recommend 8 hours of sleep for better health,Real
IMF approves new loan package for developing countries,Real
NASA telescope captures image of distant galaxy,Real
Pakistani cricket team wins Asia Cup final,Real
Supreme Court issues new ruling on property rights,Real
New study shows benefits of Mediterranean diet,Real
Amazon announces Prime Day sale next month,Real
World Bank funds new school project in rural areas,Real
Meta announces new VR headset with eye tracking,Real
Oil prices drop 5% due to increased production,Real
New bullet train project approved between Lahore and Karachi,Real
Researchers develop battery that charges in 5 minutes,Real
Netflix adds 10 million subscribers in last quarter,Real
Government launches free laptop scheme for students,Real
SpaceX successfully lands rocket on floating platform,Real
New cancer treatment shows 90% success rate in trials,Real
UNICEF reports 20% decrease in child mortality,Real
Toyota recalls 1 million cars for safety check,Real
Champions League final to be held in London stadium,Real
YouTube introduces new monetization rules for creators,Real
Pakistan wins gold medal in Asian Games,Real
New airport terminal opens in Islamabad,Real
Study finds remote work increases productivity,Real
Adobe releases new version of Photoshop with AI tools,Real
Government increases minimum wage by 15%,Real
Scientists find water traces on moon surface,Real
Samsung launches new foldable phone with better battery,Real
OPEC decides to cut oil production next month,Real
New metro bus route starts in Karachi,Real
World Health Organization approves new vaccine,Real
Spotify reaches 500 million monthly users,Real
Farmers protest leads to new agricultural policy,Real
NASA finds signs of ancient river on Mars,Real
New cybersecurity law passed by parliament,Real
Electric vehicle sales double compared to last year,Real
UN peacekeepers deployed to conflict zone,Real
New bridge connecting two cities inaugurated,Real
Google AI beats human in coding competition,Real
Government announces tax relief for solar panels,Real
New species of whale discovered in Pacific Ocean,Real
Central bank keeps interest rates unchanged,Real
Olympics 2028 host city announced as Los Angeles,Real
New treatment for Alzheimer's shows promising results,Real
Twitter rebrands to X with new features,Real
Pakistan exports reach record 30 billion dollars,Real
Scientists create artificial leaf that produces oxygen,Real
New public park opens in city center,Real
Facebook introduces new privacy controls,Real
Government invests 2 billion in education sector,Real
New drug approved for treating migraine,Real
Space station crew returns safely to Earth,Real
Renewable energy reaches 40% of total production,Real
New smartphone chip is 30% faster than previous,Real
IMF predicts 3% global growth for next year,Real
New wildlife sanctuary established in northern region,Real
Apple Pay expands to 10 new countries,Real
Government bans single use plastic bags,Real
New archaeological site discovered in Egypt,Real
Microsoft acquires gaming company for 5 billion,Real
New high speed internet reaches rural areas,Real
WHO warns about new flu strain,Real
Tesla factory produces 1 million cars this year,Real
New art exhibition opens in national museum,Real
Government launches digital payment system,Real
Scientists map human genome with 99% accuracy,Real
New cricket stadium to be built in Peshawar,Real
Amazon drone delivery starts in 3 cities,Real
New law protects journalists freedom of speech,Real
NASA plans mission to Jupiter moon Europa,Real
New public transport app launched nationwide,Real
Gold prices hit 6 month high,Real
New study links exercise to better mental health,Real
Government signs trade deal with 5 countries,Real
New vaccine for malaria shows 80% effectiveness,Real
Disney announces new movie release dates,Real
Pakistan hosts international trade conference,Real
New satellite launched for weather monitoring,Real
Government approves budget for new hospitals,Real
Scientists develop robot that can walk like human,Real
New airline starts flights to Europe,Real
UN reports decrease in global poverty rate,Real
New tech startup raises 50 million funding,Real
Government announces free healthcare for children,Real
New research shows benefits of green tea,Real
Aliens landed in Karachi yesterday government hiding it,Fake
Cure for cancer found but big pharma is hiding it,Fake
Celebrity died in car crash but is actually alive,Fake
5G towers spread coronavirus says viral post,Fake
Drinking bleach cures COVID-19 instantly,Fake
Government putting chips in vaccines to track people,Fake
Eating garlic prevents all diseases doctors dont want you to know,Fake
Flat earth proof NASA is lying to everyone,Fake
Time traveler predicts world war next week,Fake
Secret society controls all world banks,Fake
Moon landing was filmed in Hollywood studio,Fake
Lose 10kg in 3 days with this one trick doctors hate,Fake
Petrol prices will be zero from next month government announced,Fake
WhatsApp will charge 500 rupees per month starting tomorrow,Fake
Eating ice cream cures diabetes new research,Fake
Scientists found fountain of youth in Antarctica,Fake
All mobile phones will explode at midnight,Fake
Prime Minister resigns but media hiding it,Fake
Facebook will start reading your mind through camera,Fake
Banks will close for 1 month due to economic collapse,Fake
Drinking salt water cures all viral infections,Fake
Government will give 1 million rupees to every citizen,Fake
New planet discovered with human civilization living there,Fake
WiFi signals cause cancer doctors confirmed,Fake
Elon Musk bought Pakistan and renamed it Teslastan,Fake
You can get free iPhone 15 by sharing this post,Fake
Scientists proved time travel is possible and they did it,Fake
All schools will remain closed for 2 years starting next week,Fake
Eating chocolate makes you 10 years younger instantly,Fake
Government installing cameras in every home for surveillance,Fake
New virus created in lab will wipe out humanity,Fake
NASA faked all Mars photos in studio,Fake
Celebrities are actually robots controlled by government,Fake
Drinking coffee causes heart attack in 5 minutes,Fake
Secret cure for diabetes found in banana peels,Fake
All banks will be hacked tomorrow at 12am,Fake
Government will ban internet for 30 days,Fake
Eating onions at night causes memory loss,Fake
Aliens contacting world leaders through dreams,Fake
New law makes breathing air illegal without license,Fake
Scientists discovered that earth is actually cube shaped,Fake
WhatsApp messages are being sold to aliens,Fake
Drinking hot water with lemon cures cancer,Fake
Government hiding evidence of dinosaurs still alive,Fake
All cars will be banned and only bikes allowed,Fake
New app can predict lottery numbers with 100% accuracy,Fake
Scientists found that gravity is just a myth,Fake
Eating rice causes diabetes in one week,Fake
Government will tax oxygen from next month,Fake
Facebook CEO is actually 3 people in one suit,Fake
New medicine makes you immortal but pharma hiding it,Fake
All ATMs will stop working due to solar storm,Fake
Scientists proved that we live inside a computer simulation,Fake
Drinking energy drinks makes you fly for 10 seconds,Fake
Government will replace all teachers with AI robots,Fake
New study shows sleeping less than 8 hours makes you genius,Fake
Aliens built pyramids and left message inside them,Fake
All news channels are owned by one secret company,Fake
Eating apples can make you see in the dark,Fake
Government will ban all social media except one app,Fake
Scientists discovered portal to parallel universe in basement,Fake
Drinking milk causes bones to become weak,Fake
New virus spreads through 4G network only,Fake
Celebrity pregnancy announced but baby is from alien,Fake
Government will give free houses to everyone who retweets this,Fake
Scientists found that plants can talk and complain,Fake
All credit cards will be replaced with thumb prints,Fake
Eating spicy food causes hair to turn white,Fake
New law requires everyone to wear helmet while sleeping,Fake
Government hiding cure for baldness in secret lab,Fake
Scientists proved that cats are controlling human minds,Fake
Drinking 10 glasses of water at once cures everything,Fake
All universities will teach only one subject from now,Fake
New technology can turn water into petrol,Fake
Government will track everyone through toothpaste,Fake
Scientists discovered that moon is made of cheese,Fake
Eating bananas makes you allergic to wifi signals,Fake
New app reads your thoughts and posts them online,Fake
Government will ban wearing blue color clothes,Fake
Scientists found that clouds are actually cotton candy,Fake
Drinking tea causes 90% of all diseases,Fake
All traffic lights will be controlled by AI from space,Fake
New research shows that fish can drive cars,Fake
Government will charge people for using sunlight,Fake
Scientists proved that time goes backwards on Tuesdays,Fake
Eating bread causes you to forget your name,Fake
New virus only affects people who watch news,Fake
Government will make everyone learn 10 languages,Fake
Scientists discovered that trees are actually aliens,Fake
Drinking cold water causes instant weight gain of 10kg,Fake
All phones will be replaced with brain chips next year,Fake
New law bans talking to strangers on street,Fake
Government hiding city under ocean with mermaids,Fake
Scientists found that stars are just LED lights,Fake
Eating meat causes you to grow extra finger,Fake
New app can control weather with your voice,Fake
Government will tax people for dreaming at night,Fake
Scientists proved that we are living in 1999 not 2026,Fake